<?xml version="1.0" encoding="UTF-8"?>
<mule xmlns="http://www.mulesoft.org/schema/mule/core" xmlns:apikit="http://www.mulesoft.org/schema/mule/mule-apikit" xmlns:azure-storage="http://www.mulesoft.org/schema/mule/azure-storage" xmlns:doc="http://www.mulesoft.org/schema/mule/documentation" xmlns:ee="http://www.mulesoft.org/schema/mule/ee/core" xmlns:file="http://www.mulesoft.org/schema/mule/file" xmlns:http="http://www.mulesoft.org/schema/mule/http" xmlns:xsi="http://www.w3.org/2001/XMLSchema-instance" xsi:schemaLocation=" http://www.mulesoft.org/schema/mule/file http://www.mulesoft.org/schema/mule/file/current/mule-file.xsd  http://www.mulesoft.org/schema/mule/ee/core http://www.mulesoft.org/schema/mule/ee/core/current/mule-ee.xsd http://www.mulesoft.org/schema/mule/core http://www.mulesoft.org/schema/mule/core/current/mule.xsd http://www.mulesoft.org/schema/mule/http http://www.mulesoft.org/schema/mule/http/current/mule-http.xsd http://www.mulesoft.org/schema/mule/azure-storage http://www.mulesoft.org/schema/mule/azure-storage/current/mule-azure-storage.xsd http://www.mulesoft.org/schema/mule/mule-apikit http://www.mulesoft.org/schema/mule/mule-apikit/current/mule-apikit.xsd">
    <flow name="azure-blob-e2e-test" doc:id="5e8abc7f-8c8b-485e-9717-0b9a441d4e6e">
        <azure-storage:list-all-containers doc:name="List all containers" doc:id="f7804ad4-95fb-4caf-9da6-aa3f3f6193a5" config-ref="Azure_Storage_Config"/>
        <logger level="INFO" doc:name="Logger" doc:id="23d7b144-b798-4c98-bdcd-bd06239c121b" message="List all containers completed"/>
		<azure-storage:create-container doc:name="Create container" doc:id="8fd6996b-7ad3-49e2-9d02-2ac72d420381" containerName="demo-container" config-ref="Azure_Storage_Config"/>
        <logger level="INFO" doc:name="Logger" doc:id="de532383-658b-4126-80a8-0ac2101ee144" message="Container create completed"/>
		<file:write doc:name="Write" doc:id="412656e5-c29e-4e37-bb50-bf73d1b515d3" path="D:/input.txt">
            <file:content><![CDATA[<data>DATA</data>]]></file:content>
        </file:write>
        <azure-storage:upload-blob-from-path doc:name="Upload blob from path" doc:id="1f4e4e2c-32d2-41fe-bce4-e4418c164ae0" config-ref="Azure_Storage_Config">
            <azure-storage:blobpath container="demo-container" fileName="${file.name}" filepath="${file.path}" />
        </azure-storage:upload-blob-from-path>
		<logger level="INFO" doc:name="Logger" doc:id="e9bc68e7-5064-4782-b69f-8f44443e30ce" message="Upload blob from path completed "/>
		<set-payload value="'Text data for upload blob component'" doc:name="Set Payload" doc:id="739484c0-6790-42b2-a0d0-c060bb7afa2a" />
        <azure-storage:upload-blob doc:name="Upload blob" doc:id="89871701-e267-4834-9a12-92096bfea2e8" contentType="text/plain" config-ref="Azure_Storage_Config">
            <azure-storage:storblob container="demo-container" fileName=" subdir/blob_1.txt" fileStream="#[payload]" />
        </azure-storage:upload-blob>
        <logger level="INFO" doc:name="Logger" doc:id="1079d956-f38a-43fb-8692-a3a92ad006ae" message="upload blob completed"/>
		<azure-storage:is-blob-exists doc:name="Is blob exists" doc:id="2bfcb480-47d2-46d3-98f8-f3aebc43ed88" containerName="demo-container" blobName="test.txt" config-ref="Azure_Storage_Config"/>
        <logger level="INFO" doc:name="Logger" doc:id="688b7d26-ff68-4695-85ea-40a801580a52" message="Is blob exists completed"/>
		<azure-storage:list-blobs-in-container doc:name="List blobs in container" doc:id="5a565e2c-ef96-4568-9754-41ed2766a9ab" containerName="demo-container" config-ref="Azure_Storage_Config"/>
        <azure-storage:download-blob doc:name="Download blob" doc:id="0c9dc5ba-6df7-4016-943b-33530cad7fa4" config-ref="Azure_Storage_Config">
            <azure-storage:blob container="demo-container" fileName="input.txt" />
        </azure-storage:download-blob>
        <logger level="INFO" doc:name="Logger" doc:id="9ffa7ae1-7460-421b-9fd1-21195ae806d2" message="Download blob completed"/>
		<azure-storage:download-blob-using-reg-ex doc:name="Download blob using reg ex" doc:id="b7dcfcd0-7cdc-478c-8a15-a30d308cb165" blobRegEx="blob_[0-9]+\.txt" config-ref="Azure_Storage_Config"/>
        <logger level="INFO" doc:name="Logger" doc:id="c5b8b2f5-b043-490e-98e7-28deeed06b3f" message="Download blob using regex completed"/>
		<azure-storage:delete-blob doc:name="Delete blob" doc:id="7dd95746-5a7b-496b-bb2a-3300c87936ae" config-ref="Azure_Storage_Config">
            <azure-storage:blob container="demo-container" fileName=" blob_1.txt" />
        </azure-storage:delete-blob>
        <logger level="INFO" doc:name="Logger" doc:id="bd0f1017-47d9-4733-85c6-5a73ff389171" message="Delete blob completed "/>
		<azure-storage:delete-container doc:name="Delete container" doc:id="5033e1d0-4f7d-4f45-ad1b-b82059f32c9f" containerName="demo-container" config-ref="Azure_Storage_Config"/>
		<logger level="INFO" doc:name="Logger" doc:id="91af84e0-c655-457d-b35c-cab9d186b0e8" message="delete container completed successfully"/>
    </flow>
</mule>
